Feature,Coefficient
Intercept,-3.594723604325986
HP,0.008894060255536409
AC,0.11025542728921836
Fortitude,0.17298540370082183
Reflex,0.09496421293894965
Will,0.1682189044913387
Perception,0.01737578980516953
